sample_id,split,label
sample_0001,train,0
sample_0002,train,0
sample_0003,train,0
sample_0004,train,0
sample_0005,train,0
sample_0006,train,0
sample_0007,train,0
sample_0008,train,0
sample_0009,train,0
sample_0010,train,0
sample_0011,train,0
sample_0012,train,0
sample_0013,train,0
sample_0014,train,0
sample_0015,train,0
sample_0016,train,0
sample_0017,train,0
sample_0018,train,0
sample_0019,train,0
sample_0020,train,0
sample_0021,train,0
sample_0022,train,0
sample_0023,train,0
sample_0024,train,0
sample_0025,train,0
sample_0026,train,0
sample_0027,train,0
sample_0028,train,0
sample_0029,train,0
sample_0030,train,0
sample_0031,train,0
sample_0032,train,0
sample_0033,train,0
sample_0034,train,0
sample_0035,train,0
sample_0036,train,0
sample_0037,train,0
sample_0038,train,0
sample_0039,train,0
sample_0040,train,0
sample_0041,train,0
sample_0042,train,0
sample_0043,train,0
sample_0044,train,0
sample_0045,train,0
sample_0046,train,0
sample_0047,train,0
sample_0048,train,0
sample_0049,train,0
sample_0050,train,0
sample_0051,train,0
sample_0052,train,0
sample_0053,train,0
sample_0054,train,0
sample_0055,train,0
sample_0056,train,0
sample_0057,train,0
sample_0058,train,0
sample_0059,train,0
sample_0060,train,0
sample_0061,train,0
sample_0062,train,0
sample_0063,train,0
sample_0064,train,0
sample_0065,train,0
sample_0066,train,0
sample_0067,train,0
sample_0068,train,0
sample_0069,train,0
sample_0070,train,0
sample_0071,train,0
sample_0072,train,0
sample_0073,train,0
sample_0074,train,0
sample_0075,train,0
sample_0076,train,0
sample_0077,train,0
sample_0078,train,0
sample_0079,train,0
sample_0080,train,0
sample_0081,train,0
sample_0082,train,0
sample_0083,train,0
sample_0084,train,0
sample_0085,train,0
sample_0086,train,0
sample_0087,train,0
sample_0088,train,0
sample_0089,train,0
sample_0090,train,0
sample_0091,train,0
sample_0092,train,0
sample_0093,train,0
sample_0094,train,0
sample_0095,train,0
sample_0096,train,0
sample_0097,train,0
sample_0098,train,0
sample_0099,train,0
sample_0100,train,0
sample_0101,train,0
sample_0102,train,0
sample_0103,train,0
sample_0104,train,0
sample_0105,train,0
sample_0106,train,0
sample_0107,train,0
sample_0108,train,0
sample_0109,train,0
sample_0110,train,0
sample_0111,train,0
sample_0112,train,0
sample_0113,train,0
sample_0114,train,0
sample_0115,train,0
sample_0116,train,0
sample_0117,train,0
sample_0118,train,0
sample_0119,train,0
sample_0120,train,0
sample_0121,train,0
sample_0122,train,0
sample_0123,train,0
sample_0124,train,0
sample_0125,train,0
sample_0126,train,0
sample_0127,train,0
sample_0128,train,0
sample_0129,train,0
sample_0130,train,0
sample_0131,train,0
sample_0132,train,0
sample_0133,train,0
sample_0134,train,0
sample_0135,train,0
sample_0136,train,0
sample_0137,train,0
sample_0138,train,0
sample_0139,train,0
sample_0140,train,0
sample_0141,train,0
sample_0142,train,0
sample_0143,train,0
sample_0144,train,0
sample_0145,train,0
sample_0146,train,0
sample_0147,train,0
sample_0148,train,0
sample_0149,train,0
sample_0150,train,0
sample_0151,train,0
sample_0152,train,0
sample_0153,train,0
sample_0154,train,0
sample_0155,train,0
sample_0156,train,0
sample_0157,train,0
sample_0158,train,0
sample_0159,train,0
sample_0160,train,0
sample_0161,train,0
sample_0162,train,0
sample_0163,train,0
sample_0164,train,0
sample_0165,train,0
sample_0166,train,0
sample_0167,train,0
sample_0168,train,0
sample_0169,train,0
sample_0170,train,0
sample_0171,train,0
sample_0172,train,0
sample_0173,train,0
sample_0174,train,0
sample_0175,train,0
sample_0176,train,0
sample_0177,train,0
sample_0178,train,0
sample_0179,train,0
sample_0180,train,0
sample_0181,train,0
sample_0182,train,0
sample_0183,train,0
sample_0184,train,0
sample_0185,train,0
sample_0186,train,0
sample_0187,train,0
sample_0188,train,0
sample_0189,train,0
sample_0190,train,0
sample_0191,train,0
sample_0192,train,0
sample_0193,train,0
sample_0194,train,0
sample_0195,train,0
sample_0196,train,0
sample_0197,train,0
sample_0198,train,0
sample_0199,train,0
sample_0200,train,0
sample_0201,train,0
sample_0202,train,0
sample_0203,train,0
sample_0204,train,0
sample_0205,train,0
sample_0206,train,0
sample_0207,train,0
sample_0208,train,0
sample_0209,train,0
sample_0210,train,0
sample_0211,train,0
sample_0212,train,0
sample_0213,train,0
sample_0214,train,0
sample_0215,train,0
sample_0216,train,0
sample_0217,train,0
sample_0218,train,0
sample_0219,train,0
sample_0220,train,0
sample_0221,train,0
sample_0222,train,0
sample_0223,train,0
sample_0224,train,0
sample_0225,train,0
sample_0226,train,0
sample_0227,train,0
sample_0228,train,0
sample_0229,train,0
sample_0230,train,0
sample_0231,train,0
sample_0232,train,0
sample_0233,train,0
sample_0234,train,0
sample_0235,train,0
sample_0236,train,0
sample_0237,train,0
sample_0238,train,0
sample_0239,train,0
sample_0240,train,0
sample_0241,train,0
sample_0242,train,0
sample_0243,train,0
sample_0244,train,0
sample_0245,train,0
sample_0246,train,0
sample_0247,train,0
sample_0248,train,0
sample_0249,train,0
sample_0250,train,0
sample_0251,train,0
sample_0252,train,0
sample_0253,train,0
sample_0254,train,0
sample_0255,train,0
sample_0256,train,0
sample_0257,train,0
sample_0258,train,0
sample_0259,train,0
sample_0260,train,0
sample_0261,train,0
sample_0262,train,0
sample_0263,train,0
sample_0264,train,0
sample_0265,train,0
sample_0266,train,0
sample_0267,train,0
sample_0268,train,0
sample_0269,train,0
sample_0270,train,0
sample_0271,train,0
sample_0272,train,0
sample_0273,train,0
sample_0274,train,0
sample_0275,train,0
sample_0276,train,0
sample_0277,train,0
sample_0278,train,0
sample_0279,train,0
sample_0282,train,0
sample_0283,train,0
sample_0284,train,0
sample_0285,train,0
sample_0286,train,0
sample_0287,train,0
sample_0288,train,0
sample_0289,train,0
sample_0290,train,0
sample_0291,train,0
sample_0292,train,0
sample_0293,train,0
sample_0294,train,0
sample_0295,train,0
sample_0296,train,0
sample_0297,train,0
sample_0298,train,0
sample_0299,train,0
sample_0300,train,0
sample_0301,train,0
sample_0302,train,0
sample_0303,train,0
sample_0304,train,0
sample_0305,train,0
sample_0306,train,0
sample_0307,train,0
sample_0308,train,0
sample_0309,train,0
sample_0310,train,0
sample_0311,train,0
sample_0312,train,0
sample_0313,train,0
sample_0314,train,0
sample_0315,train,0
sample_0316,train,0
sample_0317,train,0
sample_0318,train,0
sample_0319,train,0
sample_0320,train,0
sample_0321,train,0
sample_0322,train,0
sample_0323,train,0
sample_0324,train,0
sample_0325,train,0
sample_0326,train,0
sample_0327,train,0
sample_0328,train,0
sample_0329,train,0
sample_0330,train,0
sample_0331,train,0
sample_0332,train,0
sample_0333,train,0
sample_0334,train,0
sample_0335,train,0
sample_0336,train,0
sample_0337,train,0
sample_0338,train,0
sample_0339,train,0
sample_0340,train,0
sample_0341,train,0
sample_0342,train,0
sample_0343,train,0
sample_0344,train,0
sample_0345,train,0
sample_0346,train,0
sample_0347,train,0
sample_0348,train,0
sample_0349,train,0
sample_0350,train,0
sample_0351,train,0
sample_0352,train,0
sample_0353,train,0
sample_0354,train,0
sample_0355,train,0
sample_0356,train,0
sample_0357,train,0
sample_0358,train,0
sample_0359,train,0
sample_0360,train,0
sample_0361,train,0
sample_0362,train,0
sample_0363,train,0
sample_0364,train,0
sample_0365,train,0
sample_0366,train,0
sample_0367,train,0
sample_0368,train,0
sample_0369,train,0
sample_0370,train,0
sample_0371,train,0
sample_0372,train,0
sample_0373,train,0
sample_0374,train,0
sample_0375,train,0
sample_0376,train,0
sample_0377,train,0
sample_0378,train,0
sample_0379,train,0
sample_0380,train,0
sample_0381,val,0
sample_0382,val,0
sample_0383,val,0
sample_0384,val,0
sample_0385,val,0
sample_0386,val,0
sample_0387,val,0
sample_0388,val,0
sample_0389,val,0
sample_0390,val,0
sample_0391,val,0
sample_0392,val,0
sample_0393,val,0
sample_0394,val,0
sample_0395,val,0
sample_0396,val,0
sample_0397,val,0
sample_0398,val,0
sample_0399,val,0
sample_0400,val,0
sample_0401,val,0
sample_0402,val,0
sample_0403,val,0
sample_0404,val,0
sample_0405,val,0
sample_0406,val,0
sample_0407,val,0
sample_0408,val,0
sample_0409,val,0
sample_0410,val,0
sample_0411,val,0
sample_0412,val,0
sample_0413,val,0
sample_0414,val,0
sample_0415,val,0
sample_0416,val,0
sample_0417,val,0
sample_0418,val,0
sample_0419,val,0
sample_0420,val,0
sample_0421,val,0
sample_0422,val,0
sample_0423,val,0
sample_0424,val,0
sample_0425,val,0
sample_0426,val,0
sample_0427,val,0
sample_0428,val,0
sample_0429,val,0
sample_0430,val,0
sample_0431,val,0
sample_0432,val,0
sample_0433,val,0
sample_0434,val,0
sample_0435,val,0
sample_0436,val,0
sample_0437,val,0
sample_0438,val,0
sample_0439,val,0
sample_0440,val,0
sample_0441,val,0
sample_0442,val,0
sample_0443,val,0
sample_0444,val,0
sample_0445,val,0
sample_0446,val,0
sample_0447,val,0
sample_0448,val,0
sample_0449,val,0
sample_0450,val,0
sample_0451,val,0
sample_0452,val,0
sample_0453,val,0
sample_0454,val,0
sample_0455,val,0
sample_0456,val,0
sample_0457,val,0
sample_0458,val,0
sample_0459,val,0
sample_0460,val,0
sample_0461,val,0
sample_0462,test,0
sample_0463,test,0
sample_0464,test,0
sample_0465,test,0
sample_0466,test,0
sample_0467,test,0
sample_0468,test,0
sample_0469,test,0
sample_0470,test,0
sample_0471,test,0
sample_0472,test,0
sample_0473,test,0
sample_0474,test,0
sample_0475,test,0
sample_0476,test,0
sample_0477,test,0
sample_0478,test,0
sample_0479,test,0
sample_0480,test,0
sample_0481,test,0
sample_0482,test,0
sample_0483,test,0
sample_0484,test,0
sample_0485,test,0
sample_0486,test,0
sample_0487,test,0
sample_0488,test,0
sample_0489,test,0
sample_0490,test,0
sample_0491,test,0
sample_0492,test,0
sample_0493,test,0
sample_0494,test,0
sample_0495,test,0
sample_0496,test,0
sample_0497,test,0
sample_0498,test,0
sample_0499,test,0
sample_0500,test,0
sample_0501,test,0
sample_0502,test,0
sample_0503,test,0
sample_0504,test,0
sample_0505,test,0
sample_0506,test,0
sample_0507,test,0
sample_0508,test,0
sample_0509,test,0
sample_0510,test,0
sample_0511,test,0
sample_0512,test,0
sample_0513,test,0
sample_0514,test,0
sample_0515,test,0
sample_0516,test,0
sample_0517,test,0
sample_0518,test,0
sample_0519,test,0
sample_0520,test,0
sample_0521,test,0
sample_0522,test,0
sample_0523,test,0
sample_0524,test,0
sample_0525,test,0
sample_0526,test,0
sample_0527,test,0
sample_0528,test,0
sample_0529,test,0
sample_0530,test,0
sample_0531,test,0
sample_0532,test,0
sample_0533,test,0
sample_0534,test,0
sample_0535,test,0
sample_0536,test,0
sample_0537,test,0
sample_0538,test,0
sample_0539,test,0
sample_0540,test,0
sample_0541,test,0
sample_0542,test,0
sample_0543,test,0
sample_1001,train,1
sample_1002,train,1
sample_1003,train,1
sample_1004,train,1
sample_1005,train,1
sample_1006,train,1
sample_1007,train,1
sample_1008,train,1
sample_1009,train,1
sample_1010,train,1
sample_1011,train,1
sample_1012,train,1
sample_1013,train,1
sample_1014,train,1
sample_1015,train,1
sample_1016,train,1
sample_1017,train,1
sample_1018,train,1
sample_1019,train,1
sample_1020,train,1
sample_1021,train,1
sample_1022,train,1
sample_1023,train,1
sample_1024,train,1
sample_1025,train,1
sample_1026,train,1
sample_1027,train,1
sample_1028,train,1
sample_1029,train,1
sample_1030,train,1
sample_1031,train,1
sample_1032,train,1
sample_1033,train,1
sample_1034,train,1
sample_1035,train,1
sample_1036,train,1
sample_1037,train,1
sample_1038,train,1
sample_1039,train,1
sample_1040,train,1
sample_1041,train,1
sample_1042,train,1
sample_1043,train,1
sample_1044,train,1
sample_1045,train,1
sample_1046,train,1
sample_1047,train,1
sample_1048,train,1
sample_1049,train,1
sample_1050,train,1
sample_1051,train,1
sample_1052,train,1
sample_1053,train,1
sample_1054,train,1
sample_1055,train,1
sample_1056,train,1
sample_1057,train,1
sample_1058,train,1
sample_1059,train,1
sample_1060,train,1
sample_1061,train,1
sample_1062,train,1
sample_1063,train,1
sample_1064,train,1
sample_1065,train,1
sample_1066,train,1
sample_1067,train,1
sample_1068,train,1
sample_1069,train,1
sample_1070,train,1
sample_1071,train,1
sample_1072,train,1
sample_1073,train,1
sample_1074,train,1
sample_1075,train,1
sample_1076,train,1
sample_1077,train,1
sample_1078,train,1
sample_1079,train,1
sample_1080,train,1
sample_1081,train,1
sample_1082,train,1
sample_1083,train,1
sample_1084,train,1
sample_1085,train,1
sample_1086,train,1
sample_1087,train,1
sample_1088,train,1
sample_1089,train,1
sample_1090,train,1
sample_1091,train,1
sample_1092,train,1
sample_1093,train,1
sample_1094,train,1
sample_1095,train,1
sample_1096,train,1
sample_1097,train,1
sample_1098,train,1
sample_1099,train,1
sample_1100,train,1
sample_1101,train,1
sample_1102,train,1
sample_1103,train,1
sample_1104,train,1
sample_1105,train,1
sample_1106,train,1
sample_1107,train,1
sample_1108,train,1
sample_1109,train,1
sample_1110,train,1
sample_1111,train,1
sample_1112,train,1
sample_1113,train,1
sample_1114,train,1
sample_1115,train,1
sample_1116,train,1
sample_1117,train,1
sample_1118,train,1
sample_1119,train,1
sample_1120,train,1
sample_1121,train,1
sample_1122,train,1
sample_1123,train,1
sample_1124,train,1
sample_1125,train,1
sample_1126,train,1
sample_1127,train,1
sample_1128,train,1
sample_1129,train,1
sample_1130,train,1
sample_1131,train,1
sample_1132,train,1
sample_1133,train,1
sample_1134,train,1
sample_1135,train,1
sample_1136,train,1
sample_1137,train,1
sample_1138,train,1
sample_1139,train,1
sample_1140,train,1
sample_1141,train,1
sample_1142,train,1
sample_1143,train,1
sample_1144,train,1
sample_1145,train,1
sample_1146,train,1
sample_1147,train,1
sample_1148,train,1
sample_1149,train,1
sample_1150,train,1
sample_1151,train,1
sample_1152,train,1
sample_1153,train,1
sample_1154,train,1
sample_1155,train,1
sample_1156,train,1
sample_1157,train,1
sample_1158,train,1
sample_1159,train,1
sample_1160,train,1
sample_1161,train,1
sample_1162,train,1
sample_1163,train,1
sample_1164,train,1
sample_1165,train,1
sample_1166,train,1
sample_1167,train,1
sample_1168,train,1
sample_1169,train,1
sample_1170,train,1
sample_1171,train,1
sample_1172,train,1
sample_1173,train,1
sample_1174,train,1
sample_1175,train,1
sample_1176,train,1
sample_1177,train,1
sample_1178,train,1
sample_1179,train,1
sample_1180,train,1
sample_1181,train,1
sample_1182,train,1
sample_1183,train,1
sample_1184,train,1
sample_1185,train,1
sample_1186,train,1
sample_1187,train,1
sample_1188,train,1
sample_1189,train,1
sample_1190,train,1
sample_1191,train,1
sample_1192,train,1
sample_1193,train,1
sample_1194,train,1
sample_1195,train,1
sample_1196,train,1
sample_1197,train,1
sample_1198,train,1
sample_1199,train,1
sample_1200,train,1
sample_1201,train,1
sample_1202,train,1
sample_1203,train,1
sample_1204,train,1
sample_1205,train,1
sample_1206,train,1
sample_1207,train,1
sample_1208,train,1
sample_1209,train,1
sample_1210,train,1
sample_1211,train,1
sample_1212,train,1
sample_1213,train,1
sample_1214,train,1
sample_1215,train,1
sample_1216,train,1
sample_1217,train,1
sample_1218,train,1
sample_1219,train,1
sample_1220,train,1
sample_1221,train,1
sample_1222,train,1
sample_1223,train,1
sample_1224,train,1
sample_1225,train,1
sample_1226,train,1
sample_1227,train,1
sample_1228,train,1
sample_1229,train,1
sample_1230,train,1
sample_1231,train,1
sample_1232,train,1
sample_1233,train,1
sample_1234,train,1
sample_1235,train,1
sample_1236,train,1
sample_1237,train,1
sample_1238,train,1
sample_1239,train,1
sample_1240,train,1
sample_1241,train,1
sample_1242,train,1
sample_1243,train,1
sample_1244,train,1
sample_1245,train,1
sample_1246,train,1
sample_1247,train,1
sample_1248,train,1
sample_1249,train,1
sample_1250,train,1
sample_1251,train,1
sample_1252,train,1
sample_1253,train,1
sample_1254,train,1
sample_1255,train,1
sample_1256,train,1
sample_1257,train,1
sample_1258,train,1
sample_1259,train,1
sample_1260,train,1
sample_1261,train,1
sample_1262,train,1
sample_1263,train,1
sample_1264,train,1
sample_1265,train,1
sample_1266,train,1
sample_1267,train,1
sample_1268,train,1
sample_1269,train,1
sample_1270,train,1
sample_1271,train,1
sample_1272,train,1
sample_1273,train,1
sample_1274,train,1
sample_1275,train,1
sample_1276,train,1
sample_1277,train,1
sample_1278,train,1
sample_1279,train,1
sample_1280,train,1
sample_1281,train,1
sample_1282,train,1
sample_1283,train,1
sample_1284,train,1
sample_1285,train,1
sample_1286,train,1
sample_1287,train,1
sample_1288,train,1
sample_1289,train,1
sample_1290,train,1
sample_1291,train,1
sample_1292,train,1
sample_1293,train,1
sample_1294,train,1
sample_1295,train,1
sample_1296,train,1
sample_1297,train,1
sample_1298,train,1
sample_1299,train,1
sample_1300,train,1
sample_1301,train,1
sample_1302,train,1
sample_1303,train,1
sample_1304,train,1
sample_1305,train,1
sample_1306,train,1
sample_1307,train,1
sample_1308,train,1
sample_1309,train,1
sample_1310,train,1
sample_1311,train,1
sample_1312,train,1
sample_1313,train,1
sample_1314,train,1
sample_1315,train,1
sample_1316,train,1
sample_1317,train,1
sample_1318,train,1
sample_1319,train,1
sample_1320,train,1
sample_1321,train,1
sample_1322,train,1
sample_1323,train,1
sample_1324,train,1
sample_1325,train,1
sample_1326,train,1
sample_1327,train,1
sample_1328,train,1
sample_1329,train,1
sample_1330,train,1
sample_1331,train,1
sample_1332,train,1
sample_1333,train,1
sample_1334,train,1
sample_1335,train,1
sample_1336,train,1
sample_1337,train,1
sample_1338,train,1
sample_1339,train,1
sample_1340,train,1
sample_1341,train,1
sample_1342,train,1
sample_1343,train,1
sample_1344,val,1
sample_1345,val,1
sample_1346,val,1
sample_1347,val,1
sample_1348,val,1
sample_1349,val,1
sample_1350,val,1
sample_1351,val,1
sample_1352,val,1
sample_1353,val,1
sample_1354,val,1
sample_1355,val,1
sample_1356,val,1
sample_1357,val,1
sample_1358,val,1
sample_1359,val,1
sample_1360,val,1
sample_1361,val,1
sample_1362,val,1
sample_1363,val,1
sample_1364,val,1
sample_1365,val,1
sample_1366,val,1
sample_1367,val,1
sample_1368,val,1
sample_1369,val,1
sample_1370,val,1
sample_1371,val,1
sample_1372,val,1
sample_1373,val,1
sample_1374,val,1
sample_1375,val,1
sample_1376,val,1
sample_1377,val,1
sample_1378,val,1
sample_1379,val,1
sample_1380,val,1
sample_1381,val,1
sample_1382,val,1
sample_1383,val,1
sample_1384,val,1
sample_1385,val,1
sample_1386,val,1
sample_1387,val,1
sample_1388,val,1
sample_1389,val,1
sample_1390,val,1
sample_1391,val,1
sample_1392,val,1
sample_1393,val,1
sample_1394,val,1
sample_1395,val,1
sample_1396,val,1
sample_1397,val,1
sample_1398,val,1
sample_1399,val,1
sample_1400,val,1
sample_1401,val,1
sample_1402,val,1
sample_1403,val,1
sample_1404,val,1
sample_1405,val,1
sample_1406,val,1
sample_1407,val,1
sample_1408,val,1
sample_1409,val,1
sample_1410,val,1
sample_1411,val,1
sample_1412,val,1
sample_1413,val,1
sample_1414,val,1
sample_1415,val,1
sample_1416,val,1
sample_1417,val,1
sample_1418,test,1
sample_1419,test,1
sample_1420,test,1
sample_1421,test,1
sample_1422,test,1
sample_1423,test,1
sample_1424,test,1
sample_1425,test,1
sample_1426,test,1
sample_1427,test,1
sample_1428,test,1
sample_1429,test,1
sample_1430,test,1
sample_1431,test,1
sample_1432,test,1
sample_1433,test,1
sample_1434,test,1
sample_1435,test,1
sample_1436,test,1
sample_1437,test,1
sample_1438,test,1
sample_1439,test,1
sample_1440,test,1
sample_1441,test,1
sample_1442,test,1
sample_1443,test,1
sample_1444,test,1
sample_1445,test,1
sample_1446,test,1
sample_1447,test,1
sample_1448,test,1
sample_1449,test,1
sample_1450,test,1
sample_1451,test,1
sample_1452,test,1
sample_1453,test,1
sample_1454,test,1
sample_1455,test,1
sample_1456,test,1
sample_1457,test,1
sample_1458,test,1
sample_1459,test,1
sample_1460,test,1
sample_1461,test,1
sample_1462,test,1
sample_1463,test,1
sample_1464,test,1
sample_1465,test,1
sample_1466,test,1
sample_1467,test,1
sample_1468,test,1
sample_1469,test,1
sample_1470,test,1
sample_1471,test,1
sample_1472,test,1
sample_1473,test,1
sample_1474,test,1
sample_1475,test,1
sample_1476,test,1
sample_1477,test,1
sample_1478,test,1
sample_1479,test,1
sample_1480,test,1
sample_1481,test,1
sample_1482,test,1
sample_1483,test,1
sample_1484,test,1
sample_1485,test,1
sample_1486,test,1
sample_1487,test,1
sample_1488,test,1
sample_1489,test,1
sample_1490,test,1
sample_1491,test,1
